id;matchstring;update_time;last_used_time;use_count;default_tag
1;Interactions;2022-01-10T15:01:05;2022-01-10T03:16:31;38925;quantifying Islands customized
2;encryption Fish models;2022-01-09T23:47:17;2022-01-10T09:58:55;70629;orchid auxiliary
3;proactive;2022-01-10T10:40:04;2022-01-10T00:30:44;71805;transform
4;Niue SMTP Games;2022-01-10T16:24:47;2022-01-10T15:03:25;8631;compress
5;Berkshire navigate front-end;2022-01-10T09:00:37;2022-01-10T05:12:50;62773;proactive
6;bus;2022-01-09T18:07:22;2022-01-10T14:22:59;19035;proactive Points Electronics
7;redundant;2022-01-10T02:08:41;2022-01-10T00:10:57;69346;Cambridgeshire Engineer
8;maximize;2022-01-10T05:02:34;2022-01-09T19:39:54;58991;invoice unleash Metal
9;navigating;2022-01-10T14:47:16;2022-01-09T21:28:39;28946;Cotton help-desk
10;Fantastic orchestrate feed;2022-01-09T19:06:36;2022-01-09T21:19:40;93804;Ranch International
