id;uuid;email;pass;last_login_date
1;Nevada;Diego.Harber80@yahoo.com;sensor Shirt red;2022-01-12T15:14:40
2;Trinidad Senegal;Tess_Hayes@gmail.com;whiteboard;2022-01-11T20:40:21
3;back-end Walk;Magali_Miller@gmail.com;Dinar fuchsia Nigeria;2022-01-11T20:10:47
4;Refined initiative;Enola.Pfannerstill@hotmail.com;Future;2022-01-12T04:08:12
5;violet Electronics;Mandy47@hotmail.com;Refined;2022-01-12T10:27:05
6;reintermediate Program input;Elian.Hintz@gmail.com;Saint deposit withdrawal;2022-01-11T15:32:18
7;cultivate Pants;Christa.Runte@hotmail.com;Handmade vortals Personal;2022-01-12T13:16:42
8;programming;Jayden14@gmail.com;Dynamic state;2022-01-12T08:27:27
9;gold Reactive Marketing;Dennis84@hotmail.com;Wall Intelligent deposit;2022-01-12T01:37:59
10;Steel deposit virtual;Dan.Fisher@hotmail.com;unleash bus;2022-01-12T06:14:18
