id;file_name;status;review_date;file_path
1;Rest Canyon holistic;Doing;2022-01-11T23:47:25;Gourde Bike Research
2;Cambridgeshire deposit;Pending;2022-01-12T01:41:12;fuchsia optical Consultant
3;Bahamian Shores Dominica;ToDo;2022-01-12T06:49:08;Arabia payment bus
4;withdrawal SDD;InProgess;2022-01-11T22:07:48;Platinum payment
5;Dinar dot-com;ToDo;2022-01-12T15:44:56;Bacon
6;Frozen;Pending;2022-01-12T16:17:27;Gateway Ball
7;iterate;Doing;2022-01-11T23:35:16;array Managed expedite
8;Brand users Advanced;ToDo;2022-01-12T03:53:14;Pants
9;parse;Error;2022-01-12T07:41:49;Awesome
10;Research reintermediate South;Pending;2022-01-12T02:09:27;system
