id;run_type;run_status;run_item_id;run_start;run_end
1;blue;payment;Keyboard;2022-01-12T04:29:35;2022-01-12T07:10:02
2;Avon;Paradigm redundant;back-end;2022-01-12T12:12:40;2022-01-12T13:48:38
3;tan Triple-buffered strategic;Avon;Regional;2022-01-12T13:51:18;2022-01-12T11:10:40
4;Electronics Communications;maroon Card;Trinidad Borders Guinea-Bissau;2022-01-12T11:07:53;2022-01-11T22:55:53
5;Tools Robust;Functionality;withdrawal Illinois;2022-01-12T04:19:55;2022-01-12T11:01:03
6;sky Garden Shoes;Representative Manager;leverage matrix Practical;2022-01-12T08:45:14;2022-01-12T12:01:16
7;Home disintermediate;cross-platform generating orchestration;Pants Georgia;2022-01-12T19:06:39;2022-01-12T16:00:11
8;Cotton Small;bus SAS;Bypass;2022-01-12T17:56:06;2022-01-12T06:13:16
9;synergize bypass;District Specialist bus;Open-source Direct;2022-01-12T12:55:41;2022-01-12T12:36:43
10;overriding Wooden front-end;Robust;fresh-thinking;2022-01-12T12:27:07;2022-01-12T17:28:40
